ABC AUSTRALIA,1001,1001 - MacQuarie Cash Management Trust,1001 - MacQuarie Cash Management Trust,1001 - Local Bank Account 1
ABC AUSTRALIA,1030,1030 - Satoluja Trust Account,1030 - Satoluja Trust Account,1011 - USD Bank Account 2
ABC AUSTRALIA,1051,1051 - Petty Cash,1051 - Petty Cash,1090 - Petty Cash Account
ABC AUSTRALIA,1052,1052 - Trust Account,1052 - Trust Account,1010 - USD Bank Account 1
ABC AUSTRALIA,1080,1080 - Cash On Hand,1080 - Cash On Hand,1099 - Cash Suspense
ABC AUSTRALIA,1200,1200 - Accounts Receivable,1200 - Accounts Receivable,1210 - Trade Debtors
ABC AUSTRALIA,1400,1400 - Loans to Related Companies,1400 - Loans to Related Companies,1580 - Loans Other
ABC AUSTRALIA,1402,1400 - Loans to Related Companies:1402 - Loans to ABC Singapore,1402 - Loans to ABC Singapore,1530 - Maxiplan Singapore
ABC AUSTRALIA,1499,1499 - Undeposited Funds,1499 - Undeposited Funds,1590 - Undeposited Funds
ABC AUSTRALIA,1560,1560 - Plant & Equipment,1560 - Plant & Equipment,1620 - Office Equip - At Cost
ABC AUSTRALIA,1561,1560 - Plant & Equipment:1561 - Original Cost,1561 - Original Cost,1620 - Office Equip - At Cost
ABC AUSTRALIA,1562,1560 - Plant & Equipment:1562 - Accoumulated Depreciation,1562 - Accoumulated Depreciation,1630 - Office Equip - Accum Depn
ABC AUSTRALIA,1570,1570 - Computer Equipment,1570 - Computer Equipment,1650 - Computers - At Cost
ABC AUSTRALIA,1571,1570 - Computer Equipment:1571 - Computer Equipment - Original C,1571 - Computer Equipment - Original C,1650 - Computers - At Cost
ABC AUSTRALIA,1572,1570 - Computer Equipment:1572 - Computer Equip- Accum Depn,1572 - Computer Equip- Accum Depn,1660 - Computers - Accum Depn
ABC AUSTRALIA,6620,6620 - Formation Expenses,6620 - Formation Expenses,6990 - Miscellaneous Expenses
ABC AUSTRALIA,2000,2000 - Accounts Payable,2000 - Accounts Payable,2010 - Trade Creditors
ABC AUSTRALIA,2030,2030 - Accounts Payable - THB,2030 - Accounts Payable - THB,2010 - Trade Creditors
ABC AUSTRALIA,2100,2100 - Payroll Liabilities,2100 - Payroll Liabilities,2410 - Payroll Liabilities
ABC AUSTRALIA,2102,2100 - Payroll Liabilities:2102 - Payroll Tax,2102 - Payroll Tax,2410 - Payroll Liabilities
ABC AUSTRALIA,2105,2100 - Payroll Liabilities:2105 - Superannuation Liabilities,2105 - Superannuation Liabilities,2410 - Payroll Liabilities
ABC AUSTRALIA,2110,2110 - Prepaid M&S Fees,2110 - Prepaid M&S Fees,2310 - Prepaid Maintenance
ABC AUSTRALIA,2120,2120 - Loans - Related Parties,2120 - Loans - Related Parties,2190 - Loans from Affilites - Non Specific
ABC AUSTRALIA,2121,2120 - Loans - Related Parties:2121 - Loans - XYZ Company,2121 - Loans - XYZ Company,2150 - Loans - Satoluja
ABC AUSTRALIA,2122,2120 - Loans - Related Parties:2122 - Loans - ABC HK,2122 - Loans - ABC HK,2120 - Loans - Maxiplan HK
ABC AUSTRALIA,2140,2140 - Shareholders Loans,2140 - Shareholders Loans,2290 - Loans - Directors Other
ABC AUSTRALIA,2141,2140 - Shareholders Loans:2141 - Loans - Shareholder 1,2141 - Loans - Shareholder 1,2210 - Loans - G C Parsons
ABC AUSTRALIA,2142,2140 - Shareholders Loans:2142 - Loans - Shareholder 2,2142 - Loans - Shareholder 2,2220 - Loans - G Wilk
ABC AUSTRALIA,2143,2140 - Shareholders Loans:2143 - Loans - Shareholder 3,2143 - Loans - Shareholder 3,2220 - Loans - G Wilk
ABC AUSTRALIA,2150,2150 - Loan from  Other,2150 - Loan from  Other,2290 - Loans - Directors Other
ABC AUSTRALIA,2190,2190 - Accrued Expenses,2190 - Accrued Expenses,2510 - Accrued Expenses
ABC AUSTRALIA,2200,2200 - Tax Payable,2200 - Tax Payable,2620 - Taxation Payable
ABC AUSTRALIA,1110,1110 - Retained Earnings,1110 - Retained Earnings,3300 - Retained Earnings
ABC AUSTRALIA,3000,3000 - Opening Bal Equity,3000 - Opening Bal Equity,3100 - Opening Balance Equity
ABC AUSTRALIA,4100,4100 - SW Licence Fees,4100 - SW Licence Fees,4010 - Software Licence Fees
ABC AUSTRALIA,4120,4120 - Software Maintenance Fees,4120 - Software Maintenance Fees,4020 - Support and Upgrade Fees
ABC AUSTRALIA,4200,4200 - Consultancy and Development,4200 - Consultancy and Development,4030 - Consultancy and Development
ABC AUSTRALIA,4300,4300 - Automatos Service Revenue,4300 - Automatos Service Revenue,4050 - Miscellaneous Income
ABC AUSTRALIA,4520,4520 - Consulting Expenses Recovery,4520 - Consulting Expenses Recovery,4040 - Consulting Expenses Recovery
ABC AUSTRALIA,4599,4599 - Interest Received,4599 - Interest Received,7110 - Interest Income
ABC AUSTRALIA,4999,4999 - Uncategorised Income,4999 - Uncategorised Income,4050 - Miscellaneous Income
ABC AUSTRALIA,5200,5200 - MXP Software Purchases,5200 - MXP Software Purchases,5010 - Software Licence Costs
ABC AUSTRALIA,5210,5210 - Subcontractor Expenses,5210 - Subcontractor Expenses,5020 - Subcontractor Fees
ABC AUSTRALIA,5250,5250 - Third Party Sales Commission,5250 - Third Party Sales Commission,5050 - Sales Commissions
ABC AUSTRALIA,5260,5260 - Cost - Automatos Service,5260 - Cost - Automatos Service,5010 - Software Licence Costs
ABC AUSTRALIA,6110,6110 - Motor Expense,6110 - Motor Expense,6630 - Transportation
ABC AUSTRALIA,6115,6115 - Exchange Gain/Loss,6115 - Exchange Gain/Loss,8250 - Exchange Loss/(Gain)
ABC AUSTRALIA,6120,6120 - Bank Service Charges,6120 - Bank Service Charges,6810 - Bank Service Charges
ABC AUSTRALIA,6125,6125 - Books and Publications,6125 - Books and Publications,6910 - Books and Publications
ABC AUSTRALIA,6130,6130 - Cash Discounts,6130 - Cash Discounts,6930 - Cash Discounts
ABC AUSTRALIA,6140,6140 - Gifts and Donations,6140 - Gifts and Donations,6460 - Gifts & Donations
ABC AUSTRALIA,6150,6150 - Depreciation Expense,6150 - Depreciation Expense,6830 - Depreciation Expense
ABC AUSTRALIA,6160,6160 - Dues and Subscriptions,6160 - Dues and Subscriptions,6920 - Dues and Subscriptions
ABC AUSTRALIA,6170,6170 - Equipment Rental,6170 - Equipment Rental,6370 - Equipment Expenses & Rentals
ABC AUSTRALIA,6175,6175 - Expensed Equipment,6175 - Expensed Equipment,6340 - Computer Consumables
ABC AUSTRALIA,6180,6180 - Insurance,6180 - Insurance,6170 - Insurances - HR Related
ABC AUSTRALIA,6185,6180 - Insurance:6185 - Workers Compensation Insurance,6185 - Workers Compensation Insurance,6170 - Insurances - HR Related
ABC AUSTRALIA,6190,6180 - Insurance:6190 - Sickness and accident Insurance,6190 - Sickness and accident Insurance,6170 - Insurances - HR Related
ABC AUSTRALIA,6200,6200 - Interest Expense,6200 - Interest Expense,6820 - Interest Expense
ABC AUSTRALIA,6210,6200 - Interest Expense:6210 - Finance Charge,6210 - Finance Charge,6820 - Interest Expense
ABC AUSTRALIA,6220,6200 - Interest Expense:6220 - Loan Interest,6220 - Loan Interest,6820 - Interest Expense
ABC AUSTRALIA,6375,6200 - Interest Expense:6375 - Mortgage,6375 - Mortgage,6820 - Interest Expense
ABC AUSTRALIA,6230,6230 - Licenses and Permits,6230 - Licenses and Permits,6750 - Licences & Permits
ABC AUSTRALIA,6240,6240 - Miscellaneous,6240 - Miscellaneous,6990 - Miscellaneous Expenses
ABC AUSTRALIA,6250,6250 - Postage and Delivery,6250 - Postage and Delivery,6310 - Postage and Courier
ABC AUSTRALIA,6260,6260 - Printing and Stationery,6260 - Printing and Stationery,6350 - Printing
ABC AUSTRALIA,6270,6270 - Professional Fees,6270 - Professional Fees,6790 - Other Acctg & Legal
ABC AUSTRALIA,6275,6270 - Professional Fees:6275 - Accounting,6275 - Accounting,6710 - Accounting
ABC AUSTRALIA,6280,6270 - Professional Fees:6280 - Legal Fees,6280 - Legal Fees,6740 - Legal Fees
ABC AUSTRALIA,6282,6270 - Professional Fees:6282 - Asic Fees,6282 - Asic Fees,6750 - Licences & Permits
ABC AUSTRALIA,6284,6270 - Professional Fees:6284 - Secretarial,6284 - Secretarial,6790 - Other Acctg & Legal
ABC AUSTRALIA,6288,6288 - Recruitment Fees,6288 - Recruitment Fees,6160 - Recruitment Costs
ABC AUSTRALIA,6290,6290 - Rent,6290 - Rent,6210 - Rent
ABC AUSTRALIA,6295,6295 - Office Expenses,6295 - Office Expenses,6320 - Office Supplies
ABC AUSTRALIA,6300,6300 - Repairs,6300 - Repairs,6240 - Building Repairs & Maintenance
ABC AUSTRALIA,6310,6300 - Repairs:6310 - Building Repairs,6310 - Building Repairs,6240 - Building Repairs & Maintenance
ABC AUSTRALIA,6320,6300 - Repairs:6320 - Computer Repairs,6320 - Computer Repairs,6360 - Equipment Repairs
ABC AUSTRALIA,6330,6300 - Repairs:6330 - Equipment Repairs,6330 - Equipment Repairs,6360 - Equipment Repairs
ABC AUSTRALIA,6334,6334 - Subscriptions,6334 - Subscriptions,6920 - Dues and Subscriptions
ABC AUSTRALIA,6335,6335 - Software Expense,6335 - Software Expense,6330 - Software Expense
ABC AUSTRALIA,6336,6336 - EDP Consumables,6336 - EDP Consumables,6340 - Computer Consumables
ABC AUSTRALIA,6340,6340 - Telephone & Internet,6340 - Telephone & Internet,6510 - Telephone
ABC AUSTRALIA,6341,6340 - Telephone & Internet:6341 - Mobile,6341 - Mobile,6510 - Telephone
ABC AUSTRALIA,6343,6340 - Telephone & Internet:6343 - Skype,6343 - Skype,6510 - Telephone
ABC AUSTRALIA,6345,6340 - Telephone & Internet:6345 - Fax,6345 - Fax,6510 - Telephone
ABC AUSTRALIA,6346,6340 - Telephone & Internet:6346 - ADSL Telephone Line,6346 - ADSL Telephone Line,6510 - Telephone
ABC AUSTRALIA,6347,6340 - Telephone & Internet:6347 - ISP Fees,6347 - ISP Fees,6520 - Internet
ABC AUSTRALIA,6348,6340 - Telephone & Internet:6348 - Internet Expenses,6348 - Internet Expenses,6520 - Internet
ABC AUSTRALIA,6350,6350 - Travel & Ent,6350 - Travel & Ent,6690 - Other
ABC AUSTRALIA,6360,6350 - Travel & Ent:6360 - Entertainment,6360 - Entertainment,6410 - Client Entertainment
ABC AUSTRALIA,6370,6350 - Travel & Ent:6370 - Meals,6370 - Meals,6640 - Meals and Per Diem
ABC AUSTRALIA,6380,6350 - Travel & Ent:6380 - Travel,6380 - Travel,6630 - Transportation
ABC AUSTRALIA,6385,6350 - Travel & Ent:6385 - Local Transportation,6385 - Local Transportation,6630 - Transportation
ABC AUSTRALIA,6390,6390 - Utilities,6390 - Utilities,6220 - Utilities
ABC AUSTRALIA,6400,6390 - Utilities:6400 - Gas and Electric,6400 - Gas and Electric,6220 - Utilities
ABC AUSTRALIA,6410,6390 - Utilities:6410 - Water,6410 - Water,6220 - Utilities
ABC AUSTRALIA,6480,6480 - External Services,6480 - External Services,6180 - Contracted Services
ABC AUSTRALIA,6490,6490 - Web Hosting Services,6490 - Web Hosting Services,6450 - Design and Web costs
ABC AUSTRALIA,6500,6500 - Marketing Expenses,6500 - Marketing Expenses,6490 - Other Marketing Costs
ABC AUSTRALIA,6510,6500 - Marketing Expenses:6510 - Webex Presentation,6510 - Webex Presentation,6490 - Other Marketing Costs
ABC AUSTRALIA,6560,6560 - Payroll Expenses,6560 - Payroll Expenses,6190 - Payroll Expenses
ABC AUSTRALIA,6565,6560 - Payroll Expenses:6565 - Employee Super,6565 - Employee Super,6130 - Superannuation
ABC AUSTRALIA,6910,6910 - Formation Expenses Written Off,6910 - Formation Expenses Written Off,6990 - Miscellaneous Expenses
ABC AUSTRALIA,7010,7010 - Interest Income,7010 - Interest Income,7110 - Interest Income
ABC AUSTRALIA,7030,7030 - Other Income,7030 - Other Income,7120 - Other Income
ABC AUSTRALIA,8010,8010 - Other Expenses,8010 - Other Expenses,8230 - Other Expense
ABC HONG KONG,1001,1001 - SCB HK$ 1,1001 - SCB HK$ 1,1001 - Local Bank Account 1
ABC HONG KONG,1002,1002 - SCB HK$ 2,1002 - SCB HK$ 2,1002 - Local Bank Account 2
ABC HONG KONG,1005,1005 - SCB US$,1005 - SCB US$,1010 - USD Bank Account 1
ABC HONG KONG,1008,1008 - Cash Suspense,1008 - Cash Suspense,1099 - Cash Suspense
ABC HONG KONG,1021,1021 - Petty Cash,1021 - Petty Cash,1090 - Petty Cash Account
ABC HONG KONG,1200,1200 - Accounts Receivable,1200 - Accounts Receivable,1210 - Trade Debtors
ABC HONG KONG,1201,1201 - Other Debtors,1201 - Other Debtors,1220 - Other Debtors
ABC HONG KONG,1220,1220 - MR Accounts Receivable,1220 - MR Accounts Receivable,1210 - Trade Debtors
ABC HONG KONG,1222,1222 - THB Accounts Receivable,1222 - THB Accounts Receivable,1210 - Trade Debtors
ABC HONG KONG,1224,1224 - NZD Accounts Receivable,1224 - NZD Accounts Receivable,1210 - Trade Debtors
ABC HONG KONG,1230,1230 - Temporary Suspense,1230 - Temporary Suspense,1099 - Cash Suspense
ABC HONG KONG,1300,1300 - Prepayments,1300 - Prepayments,1310 - Prepayments
ABC HONG KONG,1420,1420 - Advance Legal Fees,1420 - Advance Legal Fees,1320 - Advance Payments
ABC HONG KONG,1450,1450 - Deposits & Advances,1450 - Deposits & Advances,1320 - Advance Payments
ABC HONG KONG,1451,1450 - Deposits & Advances:1451 - Lease Deposit,1451 - Lease Deposit,1340 - Deposits
ABC HONG KONG,1452,1450 - Deposits & Advances:1452 - Other Deposits,1452 - Other Deposits,1340 - Deposits
ABC HONG KONG,1453,1450 - Deposits & Advances:1453 - Utilities Deposits,1453 - Utilities Deposits,1340 - Deposits
ABC HONG KONG,1460,1460 - Accrued Revenue,1460 - Accrued Revenue,1350 - Accrued Revenue
ABC HONG KONG,1470,1470 - Directors Loans,1470 - Directors Loans,1490 - Directors Loans - Non Specific
ABC HONG KONG,1471,1470 - Directors Loans:1471 - Director 1,1471 - Director 1,1410 - G C Parsons
ABC HONG KONG,1472,1470 - Directors Loans:1472 - Director 2,1472 - Director 2,1420 - G Wilk
ABC HONG KONG,1473,1470 - Directors Loans:1473 - Director 3,1473 - Director 3,1430 - T Lo
ABC HONG KONG,1480,1480 - Loan - ABC Singapore,1480 - Loan - ABC Singapore,1530 - Maxiplan Singapore
ABC HONG KONG,1485,1485 - Loans - ABC Australia,1485 - Loans - ABC Australia,1510 - Maxiplan Australia
ABC HONG KONG,1490,1490 - Loans New Venture,1490 - Loans New Venture,1540 - Maxiplan UK
ABC HONG KONG,1499,1499 - Undeposited Funds,1499 - Undeposited Funds,1590 - Undeposited Funds
ABC HONG KONG,1510,1510 - Employee Advances,1510 - Employee Advances,1330 - Employee Advances
ABC HONG KONG,1890,1890 - Office Equipment,1890 - Office Equipment,1620 - Office Equip - At Cost
ABC HONG KONG,1891,1890 - Office Equipment:1891 - Cost,1891 - Cost,1620 - Office Equip - At Cost
ABC HONG KONG,1892,1890 - Office Equipment:1892 - Accumulated Depreciation,1892 - Accumulated Depreciation,1630 - Office Equip - Accum Depn
ABC HONG KONG,1910,1910 - Computer Equipment,1910 - Computer Equipment,1650 - Computers - At Cost
ABC HONG KONG,1911,1910 - Computer Equipment:1911 - Cost,1911 - Cost,1650 - Computers - At Cost
ABC HONG KONG,1912,1910 - Computer Equipment:1912 - Accumulated Depn,1912 - Accumulated Depn,1660 - Computers - Accum Depn
ABC HONG KONG,1950,1950 - Fixtures & Fittings,1950 - Fixtures & Fittings,1680 - Fixtures - At Cost
ABC HONG KONG,1951,1950 - Fixtures & Fittings:1951 - Accumulated Depreciation,1951 - Accumulated Depreciation,1690 - Fixtures - Accum Depn
ABC HONG KONG,1952,1950 - Fixtures & Fittings:1952 - Cost,1952 - Cost,1680 - Fixtures - At Cost
ABC HONG KONG,2000,2000 - Accounts Payable,2000 - Accounts Payable,2010 - Trade Creditors
ABC HONG KONG,2060,2060 - Other Payables,2060 - Other Payables,2020 - Other Creditors
ABC HONG KONG,2070,2070 - Loans from Affiliate Companies,2070 - Loans from Affiliate Companies,2190 - Loans from Affilites - Non Specific
ABC HONG KONG,2080,2070 - Loans from Affiliate Companies:2080 - Loans ITH,2080 - Loans ITH,2160 - Loans - ITH
ABC HONG KONG,2085,2070 - Loans from Affiliate Companies:2085 - Loan from Affiliate 1,2085 - Loan from Affiliate 1,2210 - Loans - G C Parsons
ABC HONG KONG,2090,2070 - Loans from Affiliate Companies:2090 - Loan from XYZ Company,2090 - Loan from XYZ Company,2150 - Loans - Satoluja
ABC HONG KONG,2095,2070 - Loans from Affiliate Companies:2095 - Loans from Affiliate 2,2095 - Loans from Affiliate 2,2220 - Loans - G Wilk
ABC HONG KONG,2100,2100 - Payroll Liabilities,2100 - Payroll Liabilities,2410 - Payroll Liabilities
ABC HONG KONG,2200,2200 - GST Control,2200 - GST Control,2610 - GST Control
ABC HONG KONG,2710,2710 - Prepaid Maintenance,2710 - Prepaid Maintenance,2310 - Prepaid Maintenance
ABC HONG KONG,2850,2850 - Withholding Tax,2850 - Withholding Tax,2620 - Taxation Payable
ABC HONG KONG,2860,2860 - Accrued Expense,2860 - Accrued Expense,2510 - Accrued Expenses
ABC HONG KONG,2870,2870 - Taxation Payable,2870 - Taxation Payable,2620 - Taxation Payable
ABC HONG KONG,2880,2880 - Deferred Taxation,2880 - Deferred Taxation,2630 - Deferred Taxation
ABC HONG KONG,3000,3000 - Opening Bal Equity,3000 - Opening Bal Equity,3100 - Opening Balance Equity
ABC HONG KONG,3100,3100 - Share Capital,3100 - Share Capital,3200 - Share Capital
ABC HONG KONG,3200,3200 - Retained Earnings,3200 - Retained Earnings,3300 - Retained Earnings
ABC HONG KONG,3300,3300 - Share Premium,3300 - Share Premium,3400 - Share Premium
ABC HONG KONG,4010,4010 - SW Licenses,4010 - SW Licenses,4010 - Software Licence Fees
ABC HONG KONG,4020,4020 - Software M&S Income,4020 - Software M&S Income,4020 - Support and Upgrade Fees
ABC HONG KONG,4030,4030 - Consulting Income,4030 - Consulting Income,4030 - Consultancy and Development
ABC HONG KONG,4031,4031 - Software Development,4031 - Software Development,4030 - Consultancy and Development
ABC HONG KONG,4040,4040 - Reimbursed Expenses,4040 - Reimbursed Expenses,4040 - Consulting Expenses Recovery
ABC HONG KONG,4050,4050 - Miscellaneous Income,4050 - Miscellaneous Income,4050 - Miscellaneous Income
ABC HONG KONG,4060,4060 - Discount Allowance,4060 - Discount Allowance,4050 - Miscellaneous Income
ABC HONG KONG,4090,4090 - Sundry Income,4090 - Sundry Income,4050 - Miscellaneous Income
ABC HONG KONG,49900,49900 - Uncategorised Income,49900 - Uncategorised Income,4050 - Miscellaneous Income
ABC HONG KONG,5010,5010 - Software Product Sales COGS,5010 - Software Product Sales COGS,5010 - Software Licence Costs
ABC HONG KONG,5011,5010 - Software Product Sales COGS:5011 - Software Licences,5011 - Software Licences,5010 - Software Licence Costs
ABC HONG KONG,5013,5010 - Software Product Sales COGS:5013 - Software Product M&S,5013 - Software Product M&S,5015 - Upgrade and Support Costs
ABC HONG KONG,5020,5020 - External Consulting,5020 - External Consulting,5020 - Subcontractor Fees
ABC HONG KONG,5021,5020 - External Consulting:5021 - External Consulting Net Fees,5021 - External Consulting Net Fees,5020 - Subcontractor Fees
ABC HONG KONG,6960,6960 - Exchange Gain/Loss,6960 - Exchange Gain/Loss,8250 - Exchange Loss/(Gain)
ABC HONG KONG,6005,6005 - Directors Emoluments,6005 - Directors Emoluments,6105 - Directors Emoluments
ABC HONG KONG,6010,6010 - Salaries & Benefits,6010 - Salaries & Benefits,6110 - Salaries & Allowances
ABC HONG KONG,6011,6010 - Salaries & Benefits:6011 - Salary,6011 - Salary,6110 - Salaries & Allowances
ABC HONG KONG,6012,6010 - Salaries & Benefits:6012 - Allowance,6012 - Allowance,6110 - Salaries & Allowances
ABC HONG KONG,6013,6010 - Salaries & Benefits:6013 - Bonus,6013 - Bonus,6120 - Bonuses
ABC HONG KONG,6014,6010 - Salaries & Benefits:6014 - Leave Pay Due on Termination,6014 - Leave Pay Due on Termination,6110 - Salaries & Allowances
ABC HONG KONG,6015,6010 - Salaries & Benefits:6015 - MPF Contributions,6015 - MPF Contributions,6130 - Superannuation
ABC HONG KONG,6017,6010 - Salaries & Benefits:6017 - Health Cover,6017 - Health Cover,6140 - Medical
ABC HONG KONG,6018,6010 - Salaries & Benefits:6018 - Medical Benefits,6018 - Medical Benefits,6140 - Medical
ABC HONG KONG,6019,6010 - Salaries & Benefits:6019 - Training,6019 - Training,6150 - Staff Training and Development
ABC HONG KONG,6020,6020 - Occupancy Charges,6020 - Occupancy Charges,6210 - Rent
ABC HONG KONG,6021,6020 - Occupancy Charges:6021 - Rent,6021 - Rent,6210 - Rent
ABC HONG KONG,6022,6020 - Occupancy Charges:6022 - Amenities,6022 - Amenities,6260 - Amenities
ABC HONG KONG,6023,6020 - Occupancy Charges:6023 - Service Charge,6023 - Service Charge,6250 - Management Fees
ABC HONG KONG,6024,6020 - Occupancy Charges:6024 - Signage,6024 - Signage,6210 - Rent
ABC HONG KONG,6025,6020 - Occupancy Charges:6025 - Rates,6025 - Rates,6210 - Rent
ABC HONG KONG,6030,6030 - Office Admin Costs,6030 - Office Admin Costs,6390 - Other Office and Admin
ABC HONG KONG,6031,6030 - Office Admin Costs:6031 - Office Cleaning/Amenities,6031 - Office Cleaning/Amenities,6230 - Office Cleaning
ABC HONG KONG,6032,6030 - Office Admin Costs:6032 - Secretarial Services,6032 - Secretarial Services,6180 - Contracted Services
ABC HONG KONG,6040,6040 - Recruitment Advertising,6040 - Recruitment Advertising,6160 - Recruitment Costs
ABC HONG KONG,6042,6040 - Recruitment Advertising:6042 - Internet Recruitment,6042 - Internet Recruitment,6160 - Recruitment Costs
ABC HONG KONG,6044,6040 - Recruitment Advertising:6044 - Recruitment Agency Fee,6044 - Recruitment Agency Fee,6160 - Recruitment Costs
ABC HONG KONG,6050,6050 - Employee Training,6050 - Employee Training,6150 - Staff Training and Development
ABC HONG KONG,6052,6050 - Employee Training:6052 - Fees Paid for External Training,6052 - Fees Paid for External Training,6150 - Staff Training and Development
ABC HONG KONG,6054,6050 - Employee Training:6054 - Government Grants for Training,6054 - Government Grants for Training,6150 - Staff Training and Development
ABC HONG KONG,6100,6100 - Marketing,6100 - Marketing,6490 - Other Marketing Costs
ABC HONG KONG,6101,6100 - Marketing:6101 - Seminars & Promotion,6101 - Seminars & Promotion,6430 - Seminar Costs
ABC HONG KONG,6102,6100 - Marketing:6102 - Printed Marketing Material,6102 - Printed Marketing Material,6440 - Printing and Production
ABC HONG KONG,6103,6100 - Marketing:6103 - Outside Services,6103 - Outside Services,6450 - Design and Web costs
ABC HONG KONG,6110,6110 - Motor Expense,6110 - Motor Expense,6630 - Transportation
ABC HONG KONG,6120,6120 - Bank Service Charges,6120 - Bank Service Charges,6810 - Bank Service Charges
ABC HONG KONG,6125,6125 - Books and Publications,6125 - Books and Publications,6810 - Bank Service Charges
ABC HONG KONG,6130,6130 - Cash Discounts,6130 - Cash Discounts,6930 - Cash Discounts
ABC HONG KONG,6140,6140 - Gifts and Donations,6140 - Gifts and Donations,6460 - Gifts & Donations
ABC HONG KONG,6150,6150 - Depreciation Expense,6150 - Depreciation Expense,6830 - Depreciation Expense
ABC HONG KONG,6153,6150 - Depreciation Expense:6153 - Office Equip Depn,6153 - Office Equip Depn,6830 - Depreciation Expense
ABC HONG KONG,6155,6150 - Depreciation Expense:6155 - Depn Comp Eqt,6155 - Depn Comp Eqt,6830 - Depreciation Expense
ABC HONG KONG,6157,6150 - Depreciation Expense:6157 - Depn Fixtures & Fittings,6157 - Depn Fixtures & Fittings,6830 - Depreciation Expense
ABC HONG KONG,6160,6160 - Dues and Subscriptions,6160 - Dues and Subscriptions,6920 - Dues and Subscriptions
ABC HONG KONG,6165,6165 - Entertainment,6165 - Entertainment,6410 - Client Entertainment
ABC HONG KONG,6170,6170 - Equipment Rental,6170 - Equipment Rental,6370 - Equipment Expenses & Rentals
ABC HONG KONG,6175,6175 - Expensed Equipment,6175 - Expensed Equipment,6370 - Equipment Expenses & Rentals
ABC HONG KONG,6180,6180 - Insurance,6180 - Insurance,6170 - Insurances - HR Related
ABC HONG KONG,6181,6180 - Insurance:6181 - Fire & Risks,6181 - Fire & Risks,6270 - Insurance - Occupancy Related
ABC HONG KONG,6185,6180 - Insurance:6185 - Professional Indemnity Insuranc,6185 - Professional Indemnity Insuranc,6170 - Insurances - HR Related
ABC HONG KONG,6186,6180 - Insurance:6186 - Sickness and accident Insurance,6186 - Sickness and accident Insurance,6170 - Insurances - HR Related
ABC HONG KONG,6187,6180 - Insurance:6187 - Employer's Liability,6187 - Employer's Liability,6170 - Insurances - HR Related
ABC HONG KONG,6188,6180 - Insurance:6188 - Employee Compensation,6188 - Employee Compensation,6170 - Insurances - HR Related
ABC HONG KONG,6200,6200 - Interest Expense,6200 - Interest Expense,6820 - Interest Expense
ABC HONG KONG,6202,6200 - Interest Expense:6202 - Finance Charge,6202 - Finance Charge,6820 - Interest Expense
ABC HONG KONG,6204,6200 - Interest Expense:6204 - Loan Interest,6204 - Loan Interest,6820 - Interest Expense
ABC HONG KONG,6208,6200 - Interest Expense:6208 - Mortgage,6208 - Mortgage,6820 - Interest Expense
ABC HONG KONG,6230,6230 - Licenses and Permits,6230 - Licenses and Permits,6750 - Licences & Permits
ABC HONG KONG,6231,6230 - Licenses and Permits:6231 - Business Registration,6231 - Business Registration,6750 - Licences & Permits
ABC HONG KONG,6240,6240 - Miscellaneous,6240 - Miscellaneous,6990 - Miscellaneous Expenses
ABC HONG KONG,6250,6250 - Postage and Delivery,6250 - Postage and Delivery,6310 - Postage and Courier
ABC HONG KONG,6260,6260 - Printing and Reproduction,6260 - Printing and Reproduction,6350 - Printing
ABC HONG KONG,6270,6270 - Professional Fees,6270 - Professional Fees,6790 - Other Acctg & Legal
ABC HONG KONG,6271,6270 - Professional Fees:6271 - Accounting,6271 - Accounting,6710 - Accounting
ABC HONG KONG,6272,6270 - Professional Fees:6272 - Legal Fees,6272 - Legal Fees,6740 - Legal Fees
ABC HONG KONG,6273,6270 - Professional Fees:6273 - Audit Fee,6273 - Audit Fee,6720 - Audit Costs
ABC HONG KONG,6275,6270 - Professional Fees:6275 - Other Professional Services,6275 - Other Professional Services,6790 - Other Acctg & Legal
ABC HONG KONG,6276,6270 - Professional Fees:6276 - Disbursements,6276 - Disbursements,6720 - Audit Costs
ABC HONG KONG,6280,6280 - Repairs,6280 - Repairs,6240 - Building Repairs & Maintenance
ABC HONG KONG,6281,6280 - Repairs:6281 - Building Repairs,6281 - Building Repairs,6240 - Building Repairs & Maintenance
ABC HONG KONG,6282,6280 - Repairs:6282 - Computer Repairs,6282 - Computer Repairs,6360 - Equipment Repairs
ABC HONG KONG,6283,6280 - Repairs:6283 - Equipment Repairs,6283 - Equipment Repairs,6360 - Equipment Repairs
ABC HONG KONG,6285,6280 - Repairs:6285 - Janitorial Exp,6285 - Janitorial Exp,6240 - Building Repairs & Maintenance
ABC HONG KONG,6290,6290 - Subscriptions,6290 - Subscriptions,6920 - Dues and Subscriptions
ABC HONG KONG,6300,6300 - Software Expense,6300 - Software Expense,6330 - Software Expense
ABC HONG KONG,6310,6310 - EDP Consumables,6310 - EDP Consumables,6340 - Computer Consumables
ABC HONG KONG,6320,6320 - Telephone,6320 - Telephone,6510 - Telephone
ABC HONG KONG,6321,6320 - Telephone:6321 - Installation,6321 - Installation,6510 - Telephone
ABC HONG KONG,6322,6320 - Telephone:6322 - Internet Charges,6322 - Internet Charges,6520 - Internet
ABC HONG KONG,6323,6320 - Telephone:6323 - ISD Calls,6323 - ISD Calls,6510 - Telephone
ABC HONG KONG,6325,6320 - Telephone:6325 - Local Calls,6325 - Local Calls,6510 - Telephone
ABC HONG KONG,6326,6320 - Telephone:6326 - Service Fee,6326 - Service Fee,6510 - Telephone
ABC HONG KONG,6327,6320 - Telephone:6327 - Fax,6327 - Fax,6510 - Telephone
ABC HONG KONG,6330,6320 - Telephone:6330 - Mobile,6330 - Mobile,6510 - Telephone
ABC HONG KONG,6331,6320 - Telephone:6330 - Mobile:6331 - ISD Calls,6331 - ISD Calls,6510 - Telephone
ABC HONG KONG,6332,6320 - Telephone:6330 - Mobile:6332 - Local Calls,6332 - Local Calls,6510 - Telephone
ABC HONG KONG,6335,6320 - Telephone:6330 - Mobile:6335 - Service Charge,6335 - Service Charge,6510 - Telephone
ABC HONG KONG,6340,6340 - Bad Debts,6340 - Bad Debts,8205 - Bad Debts
ABC HONG KONG,6350,6350 - Travel and Acc.,6350 - Travel and Acc.,6630 - Transportation
ABC HONG KONG,6351,6350 - Travel and Acc.:6351 - Accommodation,6351 - Accommodation,6620 - Accommodation
ABC HONG KONG,6352,6350 - Travel and Acc.:6352 - Meals,6352 - Meals,6640 - Meals and Per Diem
ABC HONG KONG,6353,6350 - Travel and Acc.:6353 - Travel,6353 - Travel,6630 - Transportation
ABC HONG KONG,6354,6350 - Travel and Acc.:6354 - Travel Insurance,6354 - Travel Insurance,6690 - Other
ABC HONG KONG,6355,6350 - Travel and Acc.:6355 - Local Transportation,6355 - Local Transportation,6630 - Transportation
ABC HONG KONG,6356,6350 - Travel and Acc.:6356 - Per Diem Allowances,6356 - Per Diem Allowances,6640 - Meals and Per Diem
ABC HONG KONG,6357,6350 - Travel and Acc.:6357 - Airfares,6357 - Airfares,6610 - Airfares
ABC HONG KONG,6360,6360 - Stamp Duties,6360 - Stamp Duties,6760 - Stamp Duties
ABC HONG KONG,6390,6390 - Utilities,6390 - Utilities,6220 - Utilities
ABC HONG KONG,6392,6390 - Utilities:6392 - Gas and Electric,6392 - Gas and Electric,6220 - Utilities
ABC HONG KONG,6396,6390 - Utilities:6396 - Water,6396 - Water,6220 - Utilities
ABC HONG KONG,6550,6550 - Office Supplies,6550 - Office Supplies,6320 - Office Supplies
ABC HONG KONG,6551,6550 - Office Supplies:6551 - Copier Service,6551 - Copier Service,6320 - Office Supplies
ABC HONG KONG,6552,6550 - Office Supplies:6552 - Miscellaneous,6552 - Miscellaneous,6390 - Other Office and Admin
ABC HONG KONG,6553,6550 - Office Supplies:6553 - Stationery,6553 - Stationery,6320 - Office Supplies
ABC HONG KONG,6555,6555 - Outside Services,6555 - Outside Services,6180 - Contracted Services
ABC HONG KONG,6560,6560 - Payroll Expenses,6560 - Payroll Expenses,6190 - Payroll Expenses
ABC HONG KONG,6690,6690 - Reconciliation Discrepancies,6690 - Reconciliation Discrepancies,6990 - Miscellaneous Expenses
ABC HONG KONG,6700,6700 - Development Costs External,6700 - Development Costs External,6180 - Contracted Services
ABC HONG KONG,6710,6700 - Development Costs External:6710 - Software Consultancy Devt Exp,6710 - Software Consultancy Devt Exp,6180 - Contracted Services
ABC HONG KONG,6720,6700 - Development Costs External:6720 - Documentation Development Costs,6720 - Documentation Development Costs,6180 - Contracted Services
ABC HONG KONG,6730,6700 - Development Costs External:6730 - Product Testing Costs,6730 - Product Testing Costs,6180 - Contracted Services
ABC HONG KONG,6750,6750 - Business Development Costs,6750 - Business Development Costs,6180 - Contracted Services
ABC HONG KONG,6998,6998 - Expenses Suspense,6998 - Expenses Suspense,6995 - Expenses Suspense
ABC HONG KONG,6999,6999 - Uncategorised Expenses,6999 - Uncategorised Expenses,6990 - Miscellaneous Expenses
ABC HONG KONG,7010,7010 - Interest Income,7010 - Interest Income,7110 - Interest Income
ABC HONG KONG,7020,7020 - Sundry Income Account,7020 - Sundry Income Account,7120 - Other Income
ABC HONG KONG,7030,7030 - Other Income,7030 - Other Income,7120 - Other Income
ABC HONG KONG,6800,6800 - Taxes,6800 - Taxes,8240 - Tax
ABC HONG KONG,6830,6800 - Taxes:6830 - Corporate,6830 - Corporate,8240 - Tax
ABC HONG KONG,6850,6800 - Taxes:6850 - Property,6850 - Property,8240 - Tax
ABC HONG KONG,6860,6800 - Taxes:6860 - Late Lodgement Penalty,6860 - Late Lodgement Penalty,8210 - Late Payment Fees
ABC HONG KONG,8010,8010 - Other Expenses,8010 - Other Expenses,8230 - Other Expense
ABC HONG KONG,8012,8010 - Other Expenses:8012 - Dividend Paid,8012 - Dividend Paid,8230 - Other Expense
ABC HONG KONG,8014,8010 - Other Expenses:8014 - Bad Debt,8014 - Bad Debt,8205 - Bad Debts
ABC HONG KONG,8013,8013 - Impairment loss Amt due fm Subs,8013 - Impairment loss Amt due fm Subs,8250 - Impairment Loss Amt due fm Subs
ABC HONG KONG,8020,8020 - Curr. Exch Loss/(Gain),8020 - Curr. Exch Loss/(Gain),8250 - Exchange Loss/(Gain)
ABC HONG KONG,8030,8030 - Unclaimed GST,8030 - Unclaimed GST,8240 - Tax
ABC HONG KONG,8040,8040 - Witholding Tax Penalties,8040 - Witholding Tax Penalties,8240 - Tax
ABC SINGAPORE,1002,1002 - CitiBank USD,1002 - CitiBank USD,1011 - USD Bank Account 2
ABC SINGAPORE,1008,1008 - Cash Suspense,1008 - Cash Suspense,1099 - Cash Suspense
ABC SINGAPORE,1010,1010 - DBS SGD,1010 - DBS SGD,1001 - Local Bank Account 1
ABC SINGAPORE,1012,1012 - DBS USD,1012 - DBS USD,1010 - USD Bank Account 1
ABC SINGAPORE,1021,1021 - Petty Cash,1021 - Petty Cash,1090 - Petty Cash Account
ABC SINGAPORE,1200,1200 - Accounts Receivable,1200 - Accounts Receivable,1210 - Trade Debtors
ABC SINGAPORE,1205,1205 - Accounts Receivable (USD),1205 - Accounts Receivable (USD),1210 - Trade Debtors
ABC SINGAPORE,1300,1300 - Prepayments,1300 - Prepayments,1310 - Prepayments
ABC SINGAPORE,1320,1320 - Accrued Revenue,1320 - Accrued Revenue,1350 - Accrued Revenue
ABC SINGAPORE,1420,1420 - Advance Legal Fees,1420 - Advance Legal Fees,1320 - Advance Payments
ABC SINGAPORE,1450,1450 - Deposits & Advances,1450 - Deposits & Advances,1340 - Deposits
ABC SINGAPORE,1451,1450 - Deposits & Advances:1451 - Lease Deposit,1451 - Lease Deposit,1340 - Deposits
ABC SINGAPORE,1452,1450 - Deposits & Advances:1452 - Other Deposits,1452 - Other Deposits,1340 - Deposits
ABC SINGAPORE,1453,1450 - Deposits & Advances:1453 - Utilities Deposits,1453 - Utilities Deposits,1340 - Deposits
ABC SINGAPORE,1470,1470 - Directors Loans,1470 - Directors Loans,1490 - Directors Loans - Non Specific
ABC SINGAPORE,1471,1470 - Directors Loans:1471 - Director 1,1471 - Director 1,1410 - G C Parsons
ABC SINGAPORE,1485,1485 - Loans to DCF,1485 - Loans to DCF,1580 - Loans Other
ABC SINGAPORE,1499,1499 - Undeposited Funds,1499 - Undeposited Funds,1590 - Undeposited Funds
ABC SINGAPORE,1510,1510 - Employee Advances,1510 - Employee Advances,1330 - Employee Advances
ABC SINGAPORE,1513,1510 - Employee Advances:1513 - Christian Andrews Advance,1513 - Christian Andrews Advance,1330 - Employee Advances
ABC SINGAPORE,1890,1890 - Office Equipment,1890 - Office Equipment,1620 - Office Equip - At Cost
ABC SINGAPORE,1891,1890 - Office Equipment:1891 - Cost,1891 - Cost,1620 - Office Equip - At Cost
ABC SINGAPORE,1892,1890 - Office Equipment:1892 - Accumulated Depreciation,1892 - Accumulated Depreciation,1630 - Office Equip - Accum Depn
ABC SINGAPORE,1910,1910 - Computer Equipment,1910 - Computer Equipment,1650 - Computers - At Cost
ABC SINGAPORE,1911,1910 - Computer Equipment:1911 - Cost,1911 - Cost,1650 - Computers - At Cost
ABC SINGAPORE,1912,1910 - Computer Equipment:1912 - Accumulated Depn,1912 - Accumulated Depn,1660 - Computers - Accum Depn
ABC SINGAPORE,1950,1950 - Fixtures & Fittings,1950 - Fixtures & Fittings,1680 - Fixtures - At Cost
ABC SINGAPORE,1951,1950 - Fixtures & Fittings:1951 - Accumulated Depreciation,1951 - Accumulated Depreciation,1690 - Fixtures - Accum Depn
ABC SINGAPORE,1952,1950 - Fixtures & Fittings:1952 - Cost,1952 - Cost,1680 - Fixtures - At Cost
ABC SINGAPORE,2000,2000 - Accounts Payable,2000 - Accounts Payable,2010 - Trade Creditors
ABC SINGAPORE,2002,2002 - USD Accounts Payable,2002 - USD Accounts Payable,2010 - Trade Creditors
ABC SINGAPORE,2010,2010 - Loans from Affiliate Companies,2010 - Loans from Affiliate Companies,2190 - Loans from Affilites - Non Specific
ABC SINGAPORE,2012,2010 - Loans from Affiliate Companies:2012 - Loan ABC HK,2012 - Loan ABC HK,2120 - Loans - Maxiplan HK
ABC SINGAPORE,2013,2010 - Loans from Affiliate Companies:2013 - Loan ABC Australia,2013 - Loan ABC Australia,2110 - Loans - Maxiplan Australia
ABC SINGAPORE,2014,2010 - Loans from Affiliate Companies:2014 - Loan BPS Singapore,2014 - Loan BPS Singapore,2190 - Loans from Affilites - Non Specific
ABC SINGAPORE,2020,2020 - Shareholder Loans,2020 - Shareholder Loans,2290 - Loans - Directors Other
ABC SINGAPORE,2021,2020 - Shareholder Loans:2021 - Shareholder 1,2021 - Shareholder 1,2210 - Loans - G C Parsons
ABC SINGAPORE,2030,2030 - Loans Received - Shareholder 2,2030 - Loans Received - Shareholder 2,2220 - Loans - G Wilk
ABC SINGAPORE,2040,2040 - Loans Received - XYZ Company,2040 - Loans Received - XYZ Company,2150 - Loans - Satoluja
ABC SINGAPORE,2060,2060 - Other Payables,2060 - Other Payables,2020 - Other Creditors
ABC SINGAPORE,2062,2060 - Other Payables:2062 - ABC HK - Upgrade Accruals,2062 - ABC HK - Upgrade Accruals,2020 - Other Creditors
ABC SINGAPORE,2100,2100 - Payroll Liabilities,2100 - Payroll Liabilities,2410 - Payroll Liabilities
ABC SINGAPORE,2111,2111 - Payroll Liability - Other,2111 - Payroll Liability - Other,2290 - Loans - Directors Other
ABC SINGAPORE,2200,2200 - GST Control,2200 - GST Control,2610 - GST Control
ABC SINGAPORE,2710,2710 - Prepaid Maintenance,2710 - Prepaid Maintenance,2310 - Prepaid Maintenance
ABC SINGAPORE,2850,2850 - Withholding Tax,2850 - Withholding Tax,2620 - Taxation Payable
ABC SINGAPORE,2860,2860 - Accrued Expense,2860 - Accrued Expense,2510 - Accrued Expenses
ABC SINGAPORE,2870,2870 - Taxation Payable,2870 - Taxation Payable,2620 - Taxation Payable
ABC SINGAPORE,2880,2880 - Deferred Taxation,2880 - Deferred Taxation,2630 - Deferred Taxation
ABC SINGAPORE,3000,3000 - Opening Bal Equity,3000 - Opening Bal Equity,3100 - Opening Balance Equity
ABC SINGAPORE,3100,3100 - Share Capital,3100 - Share Capital,3100 - Opening Balance Equity
ABC SINGAPORE,3200,3200 - Retained Earnings,3200 - Retained Earnings,3300 - Retained Earnings
ABC SINGAPORE,4005,4005 - Automatos Service Fees,4005 - Automatos Service Fees,4050 - Miscellaneous Income
ABC SINGAPORE,4010,4010 - SW Licenses,4010 - SW Licenses,4010 - Software Licence Fees
ABC SINGAPORE,4020,4020 - Software M&S Income,4020 - Software M&S Income,4020 - Support and Upgrade Fees
ABC SINGAPORE,4030,4030 - Consulting Income,4030 - Consulting Income,4030 - Consultancy and Development
ABC SINGAPORE,4031,4031 - Software Development,4031 - Software Development,4030 - Consultancy and Development
ABC SINGAPORE,4040,4040 - Reimbursed Expenses,4040 - Reimbursed Expenses,4040 - Consulting Expenses Recovery
ABC SINGAPORE,4050,4050 - Miscellaneous Income,4050 - Miscellaneous Income,4050 - Miscellaneous Income
ABC SINGAPORE,5010,5010 - Software Licensing,5010 - Software Licensing,5010 - Software Licence Costs
ABC SINGAPORE,5011,5010 - Software Licensing:5011 - Software Licensing/Upgrade Fees,5011 - Software Licensing/Upgrade Fees,5015 - Upgrade and Support Costs
ABC SINGAPORE,5012,5010 - Software Licensing:5012 - Withholding Tax,5012 - Withholding Tax,5015 - Upgrade and Support Costs
ABC SINGAPORE,5020,5020 - External Consulting,5020 - External Consulting,5020 - Subcontractor Fees
ABC SINGAPORE,5021,5020 - External Consulting:5021 - External Consulting Net Fees,5021 - External Consulting Net Fees,5020 - Subcontractor Fees
ABC SINGAPORE,5022,5020 - External Consulting:5022 - Withholding Tax,5022 - Withholding Tax,5020 - Subcontractor Fees
ABC SINGAPORE,6002,6002 - Exchange Gain/Loss,6002 - Exchange Gain/Loss,8250 - Exchange Loss/(Gain)
ABC SINGAPORE,6010,6010 - Salaries & Benefits,6010 - Salaries & Benefits,6110 - Salaries & Allowances
ABC SINGAPORE,6011,6010 - Salaries & Benefits:6011 - Salary,6011 - Salary,6110 - Salaries & Allowances
ABC SINGAPORE,6012,6010 - Salaries & Benefits:6012 - Allowance,6012 - Allowance,6110 - Salaries & Allowances
ABC SINGAPORE,6013,6010 - Salaries & Benefits:6013 - Bonus,6013 - Bonus,6120 - Bonuses
ABC SINGAPORE,6014,6010 - Salaries & Benefits:6014 - Leave Pay Due on Termination,6014 - Leave Pay Due on Termination,6110 - Salaries & Allowances
ABC SINGAPORE,6015,6010 - Salaries & Benefits:6015 - MPF Contributions,6015 - MPF Contributions,6130 - Superannuation
ABC SINGAPORE,6016,6010 - Salaries & Benefits:6016 - Employment Pass Fees,6016 - Employment Pass Fees,6190 - Payroll Expenses
ABC SINGAPORE,6017,6010 - Salaries & Benefits:6017 - Health Cover,6017 - Health Cover,6140 - Medical
ABC SINGAPORE,6018,6010 - Salaries & Benefits:6018 - Medical Benefits,6018 - Medical Benefits,6140 - Medical
ABC SINGAPORE,6019,6010 - Salaries & Benefits:6019 - Training,6019 - Training,6150 - Staff Training and Development
ABC SINGAPORE,6020,6020 - Occupancy Charges,6020 - Occupancy Charges,6290 - Other Occupancy Costs
ABC SINGAPORE,6021,6020 - Occupancy Charges:6021 - Rent,6021 - Rent,6210 - Rent
ABC SINGAPORE,6022,6020 - Occupancy Charges:6022 - Amenities,6022 - Amenities,6260 - Amenities
ABC SINGAPORE,6023,6020 - Occupancy Charges:6023 - Service Charge,6023 - Service Charge,6250 - Management Fees
ABC SINGAPORE,6024,6020 - Occupancy Charges:6024 - Signage,6024 - Signage,6290 - Other Occupancy Costs
ABC SINGAPORE,6025,6020 - Occupancy Charges:6025 - Rates,6025 - Rates,6215 - Rates
ABC SINGAPORE,6027,6020 - Occupancy Charges:6027 - Repairs Reclaimed from Rent,6027 - Repairs Reclaimed from Rent,6210 - Rent
ABC SINGAPORE,6030,6030 - Office Admin Costs,6030 - Office Admin Costs,6390 - Other Office and Admin
ABC SINGAPORE,6031,6030 - Office Admin Costs:6031 - Office Cleaning/Amenities,6031 - Office Cleaning/Amenities,6230 - Office Cleaning
ABC SINGAPORE,6032,6030 - Office Admin Costs:6032 - Secretarial Services,6032 - Secretarial Services,6390 - Other Office and Admin
ABC SINGAPORE,6038,6038 - Contract Services,6038 - Contract Services,6180 - Contracted Services
ABC SINGAPORE,6040,6040 - Recruitment Advertising,6040 - Recruitment Advertising,6160 - Recruitment Costs
ABC SINGAPORE,6100,6100 - Marketing,6100 - Marketing,6490 - Other Marketing Costs
ABC SINGAPORE,6101,6100 - Marketing:6101 - Seminars & Promotion,6101 - Seminars & Promotion,6430 - Seminar Costs
ABC SINGAPORE,6102,6100 - Marketing:6102 - Printed Marketing Material,6102 - Printed Marketing Material,6440 - Printing and Production
ABC SINGAPORE,6103,6100 - Marketing:6103 - Outside Services,6103 - Outside Services,6450 - Design and Web costs
ABC SINGAPORE,6104,6100 - Marketing:6104 - Mail List and Sources,6104 - Mail List and Sources,6490 - Other Marketing Costs
ABC SINGAPORE,6110,6110 - Motor Expense,6110 - Motor Expense,6630 - Transportation
ABC SINGAPORE,6120,6120 - Bank Service Charges,6120 - Bank Service Charges,6810 - Bank Service Charges
ABC SINGAPORE,6125,6125 - Books and Publications,6125 - Books and Publications,6910 - Books and Publications
ABC SINGAPORE,6130,6130 - Cash Discounts,6130 - Cash Discounts,6930 - Cash Discounts
ABC SINGAPORE,6140,6140 - Gifts and Donations,6140 - Gifts and Donations,6460 - Gifts & Donations
ABC SINGAPORE,6150,6150 - Depreciation Expense,6150 - Depreciation Expense,6830 - Depreciation Expense
ABC SINGAPORE,6153,6150 - Depreciation Expense:6153 - Office Equip Depn,6153 - Office Equip Depn,6830 - Depreciation Expense
ABC SINGAPORE,6155,6150 - Depreciation Expense:6155 - Depn Comp Eqt,6155 - Depn Comp Eqt,6830 - Depreciation Expense
ABC SINGAPORE,6157,6150 - Depreciation Expense:6157 - Depn Fixtures & Fittings,6157 - Depn Fixtures & Fittings,6830 - Depreciation Expense
ABC SINGAPORE,6160,6160 - Dues and Subscriptions,6160 - Dues and Subscriptions,6920 - Dues and Subscriptions
ABC SINGAPORE,6165,6165 - Entertainment,6165 - Entertainment,6410 - Client Entertainment
ABC SINGAPORE,6170,6170 - Equipment Rental,6170 - Equipment Rental,6370 - Equipment Expenses & Rentals
ABC SINGAPORE,6175,6175 - Expensed Equipment,6175 - Expensed Equipment,6370 - Equipment Expenses & Rentals
ABC SINGAPORE,6180,6180 - Insurance,6180 - Insurance,6270 - Insurance - Occupancy Related
ABC SINGAPORE,6181,6180 - Insurance:6181 - Fire & Risks,6181 - Fire & Risks,6270 - Insurance - Occupancy Related
ABC SINGAPORE,6185,6180 - Insurance:6185 - Professional Indemnity Insuranc,6185 - Professional Indemnity Insuranc,6170 - Insurances - HR Related
ABC SINGAPORE,6186,6180 - Insurance:6186 - Sickness and accident Insurance,6186 - Sickness and accident Insurance,6170 - Insurances - HR Related
ABC SINGAPORE,6187,6180 - Insurance:6187 - Employer's Liability,6187 - Employer's Liability,6170 - Insurances - HR Related
ABC SINGAPORE,6188,6180 - Insurance:6188 - Employee Compensation,6188 - Employee Compensation,6170 - Insurances - HR Related
ABC SINGAPORE,6200,6200 - Interest Expense,6200 - Interest Expense,6820 - Interest Expense
ABC SINGAPORE,6202,6200 - Interest Expense:6202 - Finance Charge,6202 - Finance Charge,6820 - Interest Expense
ABC SINGAPORE,6204,6200 - Interest Expense:6204 - Loan Interest,6204 - Loan Interest,6820 - Interest Expense
ABC SINGAPORE,6208,6200 - Interest Expense:6208 - Mortgage,6208 - Mortgage,6820 - Interest Expense
ABC SINGAPORE,6230,6230 - Licenses and Permits,6230 - Licenses and Permits,6750 - Licences & Permits
ABC SINGAPORE,6231,6230 - Licenses and Permits:6231 - Business Registration,6231 - Business Registration,6750 - Licences & Permits
ABC SINGAPORE,6240,6240 - Miscellaneous,6240 - Miscellaneous,6990 - Miscellaneous Expenses
ABC SINGAPORE,6250,6250 - Postage and Delivery,6250 - Postage and Delivery,6310 - Postage and Courier
ABC SINGAPORE,6260,6260 - Printing and Reproduction,6260 - Printing and Reproduction,6350 - Printing
ABC SINGAPORE,6270,6270 - Professional Fees,6270 - Professional Fees,6790 - Other Acctg & Legal
ABC SINGAPORE,6271,6270 - Professional Fees:6271 - Accounting,6271 - Accounting,6710 - Accounting
ABC SINGAPORE,6272,6270 - Professional Fees:6272 - Legal Fees,6272 - Legal Fees,6740 - Legal Fees
ABC SINGAPORE,6273,6270 - Professional Fees:6273 - Audit Fee,6273 - Audit Fee,6720 - Audit Costs
ABC SINGAPORE,6275,6270 - Professional Fees:6275 - Other Professional Services,6275 - Other Professional Services,6790 - Other Acctg & Legal
ABC SINGAPORE,6276,6270 - Professional Fees:6276 - Disbursements,6276 - Disbursements,6730 - Disbursements
ABC SINGAPORE,6280,6280 - Repairs,6280 - Repairs,6240 - Building Repairs & Maintenance
ABC SINGAPORE,6281,6280 - Repairs:6281 - Building Repairs,6281 - Building Repairs,6240 - Building Repairs & Maintenance
ABC SINGAPORE,6282,6280 - Repairs:6282 - Computer Repairs,6282 - Computer Repairs,6360 - Equipment Repairs
ABC SINGAPORE,6283,6280 - Repairs:6283 - Equipment Repairs,6283 - Equipment Repairs,6360 - Equipment Repairs
ABC SINGAPORE,6285,6280 - Repairs:6285 - Janitorial Exp,6285 - Janitorial Exp,6240 - Building Repairs & Maintenance
ABC SINGAPORE,6290,6290 - Subscriptions,6290 - Subscriptions,6920 - Dues and Subscriptions
ABC SINGAPORE,6300,6300 - Software Expense,6300 - Software Expense,6330 - Software Expense
ABC SINGAPORE,6310,6310 - EDP Consumables,6310 - EDP Consumables,6340 - Computer Consumables
ABC SINGAPORE,6320,6320 - Telephone,6320 - Telephone,6510 - Telephone
ABC SINGAPORE,6321,6320 - Telephone:6321 - Installation,6321 - Installation,6510 - Telephone
ABC SINGAPORE,6322,6320 - Telephone:6322 - Internet Charges,6322 - Internet Charges,6520 - Internet
ABC SINGAPORE,6323,6320 - Telephone:6323 - ISD Calls,6323 - ISD Calls,6510 - Telephone
ABC SINGAPORE,6325,6320 - Telephone:6325 - Local Calls,6325 - Local Calls,6510 - Telephone
ABC SINGAPORE,6326,6320 - Telephone:6326 - Service Fee,6326 - Service Fee,6510 - Telephone
ABC SINGAPORE,6327,6320 - Telephone:6327 - Fax,6327 - Fax,6510 - Telephone
ABC SINGAPORE,6328,6320 - Telephone:6328 - Skype Service,6328 - Skype Service,6510 - Telephone
ABC SINGAPORE,6330,6320 - Telephone:6330 - Mobile,6330 - Mobile,6510 - Telephone
ABC SINGAPORE,6331,6320 - Telephone:6330 - Mobile:6331 - ISD Calls,6331 - ISD Calls,6510 - Telephone
ABC SINGAPORE,6332,6320 - Telephone:6330 - Mobile:6332 - Local Calls,6332 - Local Calls,6510 - Telephone
ABC SINGAPORE,6335,6320 - Telephone:6330 - Mobile:6335 - Service Charge,6335 - Service Charge,6510 - Telephone
ABC SINGAPORE,6350,6350 - Travel and Acc.,6350 - Travel and Acc.,6630 - Transportation
ABC SINGAPORE,6351,6350 - Travel and Acc.:6351 - Accommodation,6351 - Accommodation,6620 - Accommodation
ABC SINGAPORE,6352,6350 - Travel and Acc.:6352 - Meals,6352 - Meals,6640 - Meals and Per Diem
ABC SINGAPORE,6353,6350 - Travel and Acc.:6353 - Travel Expense,6353 - Travel Expense,6630 - Transportation
ABC SINGAPORE,6354,6350 - Travel and Acc.:6354 - Travel Insurance,6354 - Travel Insurance,6630 - Transportation
ABC SINGAPORE,6355,6350 - Travel and Acc.:6355 - Local Transportation,6355 - Local Transportation,6630 - Transportation
ABC SINGAPORE,6356,6350 - Travel and Acc.:6356 - Per Diem Allowances,6356 - Per Diem Allowances,6640 - Meals and Per Diem
ABC SINGAPORE,6357,6350 - Travel and Acc.:6357 - Airfares,6357 - Airfares,6610 - Airfares
ABC SINGAPORE,6360,6360 - Stamp Duties,6360 - Stamp Duties,6760 - Stamp Duties
ABC SINGAPORE,6390,6390 - Utilities,6390 - Utilities,6220 - Utilities
ABC SINGAPORE,6392,6390 - Utilities:6392 - Gas and Electric,6392 - Gas and Electric,6220 - Utilities
ABC SINGAPORE,6396,6390 - Utilities:6396 - Water,6396 - Water,6220 - Utilities
ABC SINGAPORE,6398,6390 - Utilities:6398 - Account Service Fees,6398 - Account Service Fees,6220 - Utilities
ABC SINGAPORE,6550,6550 - Office Supplies,6550 - Office Supplies,6320 - Office Supplies
ABC SINGAPORE,6551,6550 - Office Supplies:6551 - Copier Service,6551 - Copier Service,6320 - Office Supplies
ABC SINGAPORE,6552,6550 - Office Supplies:6552 - Miscellaneous,6552 - Miscellaneous,6320 - Office Supplies
ABC SINGAPORE,6553,6550 - Office Supplies:6553 - Stationery,6553 - Stationery,6320 - Office Supplies
ABC SINGAPORE,6555,6555 - Outside Services,6555 - Outside Services,6180 - Contracted Services
ABC SINGAPORE,6560,6560 - Payroll Expenses,6560 - Payroll Expenses,6190 - Payroll Expenses
ABC SINGAPORE,6570,6570 - Skill Development Funds,6570 - Skill Development Funds,6150 - Staff Training and Development
ABC SINGAPORE,6580,6580 - Bad Debts,6580 - Bad Debts,8205 - Bad Debts
ABC SINGAPORE,66900,66900 - Reconciliation Discrepancies,66900 - Reconciliation Discrepancies,8230 - Other Expense
ABC SINGAPORE,6998,6998 - Expenses Suspense,6998 - Expenses Suspense,6995 - Expenses Suspense
ABC SINGAPORE,6999,6999 - Uncategorised Expenses,6999 - Uncategorised Expenses,6995 - Expenses Suspense
ABC SINGAPORE,7010,7010 - Interest Income,7010 - Interest Income,7110 - Interest Income
ABC SINGAPORE,7030,7030 - Other Income,7030 - Other Income,7120 - Other Income
ABC SINGAPORE,7040,7040 - MOF Resilience Package,7040 - MOF Resilience Package,7120 - Other Income
ABC SINGAPORE,6800,6800 - Taxes,6800 - Taxes,8240 - Tax
ABC SINGAPORE,6830,6800 - Taxes:6830 - Corporate,6830 - Corporate,8240 - Tax
ABC SINGAPORE,6850,6800 - Taxes:6850 - Property,6850 - Property,8240 - Tax
ABC SINGAPORE,6860,6800 - Taxes:6860 - Late Lodgement Penalty,6860 - Late Lodgement Penalty,8240 - Tax
ABC SINGAPORE,6870,6870 - Late Payment Fee,6870 - Late Payment Fee,8240 - Tax
ABC SINGAPORE,8010,8010 - Other Expenses,8010 - Other Expenses,8230 - Other Expense
ABC SINGAPORE,8020,8020 - Curr. Exch Loss/(Gain),8020 - Curr. Exch Loss/(Gain),8250 - Exchange Loss/(Gain)
ABC SINGAPORE,8030,8030 - Unclaimed GST,8030 - Unclaimed GST,8240 - Tax
ABC SINGAPORE,8040,8040 - Witholding Tax Penalties,8040 - Witholding Tax Penalties,8240 - Tax
